Source,Target,Type
iDXlWTRyxgE,6p-QzY5bxJ0,Undirected
iDXlWTRyxgE,sottGW1p5os,Undirected
iDXlWTRyxgE,SCnVbXlC1Ds,Undirected
iDXlWTRyxgE,VsYmwBOYfW8,Undirected
iDXlWTRyxgE,3s1rvMFUweQ,Undirected
iDXlWTRyxgE,j7WlcSwe8Ws,Undirected
iDXlWTRyxgE,oSS6kGWNEeA,Undirected
iDXlWTRyxgE,jp9hK-jY6yY,Undirected
iDXlWTRyxgE,dIPu12KHIDo,Undirected
iDXlWTRyxgE,nlodY8nMw-A,Undirected
iDXlWTRyxgE,JAcKgCfTSq4,Undirected
iDXlWTRyxgE,DJXUWLs6FI0,Undirected
iDXlWTRyxgE,8z_cg5CypRc,Undirected
iDXlWTRyxgE,0W86V2KcqiU,Undirected
iDXlWTRyxgE,JgByDCdtNE8,Undirected
iDXlWTRyxgE,8kFnLQySIzU,Undirected
iDXlWTRyxgE,aw-r_G7rfnU,Undirected
iDXlWTRyxgE,jLM2ibaRbrk,Undirected
iDXlWTRyxgE,Ps-nEyvsCKY,Undirected
iDXlWTRyxgE,k_aT3jAK_QU,Undirected
iDXlWTRyxgE,WsZXJKfJ52g,Undirected
iDXlWTRyxgE,KXRYlfjlFLk,Undirected
iDXlWTRyxgE,vW7H-DKivX8,Undirected
iDXlWTRyxgE,yqulWPljawo,Undirected
iDXlWTRyxgE,0DpCDxoj_Xg,Undirected
iDXlWTRyxgE,Pu0lwHPW3RM,Undirected
iDXlWTRyxgE,IQYLPEuAClo,Undirected
iDXlWTRyxgE,BLOIU9DpLq4,Undirected
iDXlWTRyxgE,PPCDMi5xmmk,Undirected
iDXlWTRyxgE,g2GbkH12xMg,Undirected
iDXlWTRyxgE,TZSVf-yD7N8,Undirected
iDXlWTRyxgE,INHVfx05Sy8,Undirected
iDXlWTRyxgE,JBw1nwYJESc,Undirected
iDXlWTRyxgE,bJ-wMCV05EI,Undirected
iDXlWTRyxgE,XJiCE88hOmM,Undirected
iDXlWTRyxgE,NJAtY43vsl8,Undirected
6p-QzY5bxJ0,sottGW1p5os,Undirected
6p-QzY5bxJ0,SCnVbXlC1Ds,Undirected
6p-QzY5bxJ0,VsYmwBOYfW8,Undirected
6p-QzY5bxJ0,3s1rvMFUweQ,Undirected
6p-QzY5bxJ0,j7WlcSwe8Ws,Undirected
6p-QzY5bxJ0,oSS6kGWNEeA,Undirected
6p-QzY5bxJ0,jp9hK-jY6yY,Undirected
6p-QzY5bxJ0,dIPu12KHIDo,Undirected
6p-QzY5bxJ0,nlodY8nMw-A,Undirected
6p-QzY5bxJ0,JAcKgCfTSq4,Undirected
6p-QzY5bxJ0,DJXUWLs6FI0,Undirected
6p-QzY5bxJ0,8z_cg5CypRc,Undirected
6p-QzY5bxJ0,0W86V2KcqiU,Undirected
6p-QzY5bxJ0,JgByDCdtNE8,Undirected
6p-QzY5bxJ0,8kFnLQySIzU,Undirected
6p-QzY5bxJ0,aw-r_G7rfnU,Undirected
6p-QzY5bxJ0,jLM2ibaRbrk,Undirected
6p-QzY5bxJ0,Ps-nEyvsCKY,Undirected
6p-QzY5bxJ0,k_aT3jAK_QU,Undirected
6p-QzY5bxJ0,WsZXJKfJ52g,Undirected
6p-QzY5bxJ0,KXRYlfjlFLk,Undirected
6p-QzY5bxJ0,vW7H-DKivX8,Undirected
6p-QzY5bxJ0,yqulWPljawo,Undirected
6p-QzY5bxJ0,0DpCDxoj_Xg,Undirected
6p-QzY5bxJ0,Pu0lwHPW3RM,Undirected
6p-QzY5bxJ0,IQYLPEuAClo,Undirected
6p-QzY5bxJ0,BLOIU9DpLq4,Undirected
6p-QzY5bxJ0,PPCDMi5xmmk,Undirected
6p-QzY5bxJ0,g2GbkH12xMg,Undirected
6p-QzY5bxJ0,TZSVf-yD7N8,Undirected
6p-QzY5bxJ0,INHVfx05Sy8,Undirected
6p-QzY5bxJ0,JBw1nwYJESc,Undirected
6p-QzY5bxJ0,bJ-wMCV05EI,Undirected
6p-QzY5bxJ0,XJiCE88hOmM,Undirected
6p-QzY5bxJ0,NJAtY43vsl8,Undirected
sottGW1p5os,SCnVbXlC1Ds,Undirected
sottGW1p5os,VsYmwBOYfW8,Undirected
sottGW1p5os,3s1rvMFUweQ,Undirected
sottGW1p5os,j7WlcSwe8Ws,Undirected
sottGW1p5os,oSS6kGWNEeA,Undirected
sottGW1p5os,jp9hK-jY6yY,Undirected
sottGW1p5os,dIPu12KHIDo,Undirected
sottGW1p5os,nlodY8nMw-A,Undirected
sottGW1p5os,JAcKgCfTSq4,Undirected
sottGW1p5os,DJXUWLs6FI0,Undirected
sottGW1p5os,8z_cg5CypRc,Undirected
sottGW1p5os,0W86V2KcqiU,Undirected
sottGW1p5os,JgByDCdtNE8,Undirected
sottGW1p5os,8kFnLQySIzU,Undirected
sottGW1p5os,aw-r_G7rfnU,Undirected
sottGW1p5os,jLM2ibaRbrk,Undirected
sottGW1p5os,Ps-nEyvsCKY,Undirected
sottGW1p5os,k_aT3jAK_QU,Undirected
sottGW1p5os,WsZXJKfJ52g,Undirected
sottGW1p5os,KXRYlfjlFLk,Undirected
sottGW1p5os,vW7H-DKivX8,Undirected
sottGW1p5os,yqulWPljawo,Undirected
sottGW1p5os,0DpCDxoj_Xg,Undirected
sottGW1p5os,Pu0lwHPW3RM,Undirected
sottGW1p5os,IQYLPEuAClo,Undirected
sottGW1p5os,BLOIU9DpLq4,Undirected
sottGW1p5os,PPCDMi5xmmk,Undirected
sottGW1p5os,g2GbkH12xMg,Undirected
sottGW1p5os,TZSVf-yD7N8,Undirected
sottGW1p5os,INHVfx05Sy8,Undirected
sottGW1p5os,JBw1nwYJESc,Undirected
sottGW1p5os,bJ-wMCV05EI,Undirected
sottGW1p5os,XJiCE88hOmM,Undirected
sottGW1p5os,NJAtY43vsl8,Undirected
SCnVbXlC1Ds,VsYmwBOYfW8,Undirected
SCnVbXlC1Ds,3s1rvMFUweQ,Undirected
SCnVbXlC1Ds,j7WlcSwe8Ws,Undirected
SCnVbXlC1Ds,oSS6kGWNEeA,Undirected
SCnVbXlC1Ds,jp9hK-jY6yY,Undirected
SCnVbXlC1Ds,dIPu12KHIDo,Undirected
SCnVbXlC1Ds,nlodY8nMw-A,Undirected
SCnVbXlC1Ds,JAcKgCfTSq4,Undirected
SCnVbXlC1Ds,DJXUWLs6FI0,Undirected
SCnVbXlC1Ds,8z_cg5CypRc,Undirected
SCnVbXlC1Ds,0W86V2KcqiU,Undirected
SCnVbXlC1Ds,JgByDCdtNE8,Undirected
SCnVbXlC1Ds,8kFnLQySIzU,Undirected
SCnVbXlC1Ds,aw-r_G7rfnU,Undirected
SCnVbXlC1Ds,jLM2ibaRbrk,Undirected
SCnVbXlC1Ds,Ps-nEyvsCKY,Undirected
SCnVbXlC1Ds,k_aT3jAK_QU,Undirected
SCnVbXlC1Ds,WsZXJKfJ52g,Undirected
SCnVbXlC1Ds,KXRYlfjlFLk,Undirected
SCnVbXlC1Ds,vW7H-DKivX8,Undirected
SCnVbXlC1Ds,yqulWPljawo,Undirected
SCnVbXlC1Ds,0DpCDxoj_Xg,Undirected
SCnVbXlC1Ds,Pu0lwHPW3RM,Undirected
SCnVbXlC1Ds,IQYLPEuAClo,Undirected
SCnVbXlC1Ds,BLOIU9DpLq4,Undirected
SCnVbXlC1Ds,PPCDMi5xmmk,Undirected
SCnVbXlC1Ds,g2GbkH12xMg,Undirected
SCnVbXlC1Ds,TZSVf-yD7N8,Undirected
SCnVbXlC1Ds,INHVfx05Sy8,Undirected
SCnVbXlC1Ds,JBw1nwYJESc,Undirected
SCnVbXlC1Ds,bJ-wMCV05EI,Undirected
SCnVbXlC1Ds,XJiCE88hOmM,Undirected
SCnVbXlC1Ds,NJAtY43vsl8,Undirected
VsYmwBOYfW8,3s1rvMFUweQ,Undirected
VsYmwBOYfW8,j7WlcSwe8Ws,Undirected
VsYmwBOYfW8,oSS6kGWNEeA,Undirected
VsYmwBOYfW8,jp9hK-jY6yY,Undirected
VsYmwBOYfW8,dIPu12KHIDo,Undirected
VsYmwBOYfW8,nlodY8nMw-A,Undirected
VsYmwBOYfW8,JAcKgCfTSq4,Undirected
VsYmwBOYfW8,DJXUWLs6FI0,Undirected
VsYmwBOYfW8,8z_cg5CypRc,Undirected
VsYmwBOYfW8,0W86V2KcqiU,Undirected
VsYmwBOYfW8,JgByDCdtNE8,Undirected
VsYmwBOYfW8,8kFnLQySIzU,Undirected
VsYmwBOYfW8,aw-r_G7rfnU,Undirected
VsYmwBOYfW8,jLM2ibaRbrk,Undirected
VsYmwBOYfW8,Ps-nEyvsCKY,Undirected
VsYmwBOYfW8,k_aT3jAK_QU,Undirected
VsYmwBOYfW8,WsZXJKfJ52g,Undirected
VsYmwBOYfW8,KXRYlfjlFLk,Undirected
VsYmwBOYfW8,vW7H-DKivX8,Undirected
VsYmwBOYfW8,yqulWPljawo,Undirected
VsYmwBOYfW8,0DpCDxoj_Xg,Undirected
VsYmwBOYfW8,Pu0lwHPW3RM,Undirected
VsYmwBOYfW8,IQYLPEuAClo,Undirected
VsYmwBOYfW8,BLOIU9DpLq4,Undirected
VsYmwBOYfW8,PPCDMi5xmmk,Undirected
VsYmwBOYfW8,g2GbkH12xMg,Undirected
VsYmwBOYfW8,TZSVf-yD7N8,Undirected
VsYmwBOYfW8,INHVfx05Sy8,Undirected
VsYmwBOYfW8,JBw1nwYJESc,Undirected
VsYmwBOYfW8,bJ-wMCV05EI,Undirected
VsYmwBOYfW8,XJiCE88hOmM,Undirected
VsYmwBOYfW8,NJAtY43vsl8,Undirected
3s1rvMFUweQ,j7WlcSwe8Ws,Undirected
3s1rvMFUweQ,oSS6kGWNEeA,Undirected
3s1rvMFUweQ,jp9hK-jY6yY,Undirected
3s1rvMFUweQ,dIPu12KHIDo,Undirected
3s1rvMFUweQ,nlodY8nMw-A,Undirected
3s1rvMFUweQ,JAcKgCfTSq4,Undirected
3s1rvMFUweQ,DJXUWLs6FI0,Undirected
3s1rvMFUweQ,8z_cg5CypRc,Undirected
3s1rvMFUweQ,0W86V2KcqiU,Undirected
3s1rvMFUweQ,JgByDCdtNE8,Undirected
3s1rvMFUweQ,8kFnLQySIzU,Undirected
3s1rvMFUweQ,aw-r_G7rfnU,Undirected
3s1rvMFUweQ,jLM2ibaRbrk,Undirected
3s1rvMFUweQ,Ps-nEyvsCKY,Undirected
3s1rvMFUweQ,k_aT3jAK_QU,Undirected
3s1rvMFUweQ,WsZXJKfJ52g,Undirected
3s1rvMFUweQ,KXRYlfjlFLk,Undirected
3s1rvMFUweQ,vW7H-DKivX8,Undirected
3s1rvMFUweQ,yqulWPljawo,Undirected
3s1rvMFUweQ,0DpCDxoj_Xg,Undirected
3s1rvMFUweQ,Pu0lwHPW3RM,Undirected
3s1rvMFUweQ,IQYLPEuAClo,Undirected
3s1rvMFUweQ,BLOIU9DpLq4,Undirected
3s1rvMFUweQ,PPCDMi5xmmk,Undirected
3s1rvMFUweQ,g2GbkH12xMg,Undirected
3s1rvMFUweQ,TZSVf-yD7N8,Undirected
3s1rvMFUweQ,INHVfx05Sy8,Undirected
3s1rvMFUweQ,JBw1nwYJESc,Undirected
3s1rvMFUweQ,bJ-wMCV05EI,Undirected
3s1rvMFUweQ,XJiCE88hOmM,Undirected
3s1rvMFUweQ,NJAtY43vsl8,Undirected
j7WlcSwe8Ws,oSS6kGWNEeA,Undirected
j7WlcSwe8Ws,jp9hK-jY6yY,Undirected
j7WlcSwe8Ws,dIPu12KHIDo,Undirected
j7WlcSwe8Ws,nlodY8nMw-A,Undirected
j7WlcSwe8Ws,JAcKgCfTSq4,Undirected
j7WlcSwe8Ws,DJXUWLs6FI0,Undirected
j7WlcSwe8Ws,8z_cg5CypRc,Undirected
j7WlcSwe8Ws,0W86V2KcqiU,Undirected
j7WlcSwe8Ws,JgByDCdtNE8,Undirected
j7WlcSwe8Ws,8kFnLQySIzU,Undirected
j7WlcSwe8Ws,aw-r_G7rfnU,Undirected
j7WlcSwe8Ws,jLM2ibaRbrk,Undirected
j7WlcSwe8Ws,Ps-nEyvsCKY,Undirected
j7WlcSwe8Ws,k_aT3jAK_QU,Undirected
j7WlcSwe8Ws,WsZXJKfJ52g,Undirected
j7WlcSwe8Ws,KXRYlfjlFLk,Undirected
j7WlcSwe8Ws,vW7H-DKivX8,Undirected
j7WlcSwe8Ws,yqulWPljawo,Undirected
j7WlcSwe8Ws,0DpCDxoj_Xg,Undirected
j7WlcSwe8Ws,Pu0lwHPW3RM,Undirected
j7WlcSwe8Ws,IQYLPEuAClo,Undirected
j7WlcSwe8Ws,BLOIU9DpLq4,Undirected
j7WlcSwe8Ws,PPCDMi5xmmk,Undirected
j7WlcSwe8Ws,g2GbkH12xMg,Undirected
j7WlcSwe8Ws,TZSVf-yD7N8,Undirected
j7WlcSwe8Ws,INHVfx05Sy8,Undirected
j7WlcSwe8Ws,JBw1nwYJESc,Undirected
j7WlcSwe8Ws,bJ-wMCV05EI,Undirected
j7WlcSwe8Ws,XJiCE88hOmM,Undirected
j7WlcSwe8Ws,NJAtY43vsl8,Undirected
oSS6kGWNEeA,jp9hK-jY6yY,Undirected
oSS6kGWNEeA,dIPu12KHIDo,Undirected
oSS6kGWNEeA,nlodY8nMw-A,Undirected
oSS6kGWNEeA,JAcKgCfTSq4,Undirected
oSS6kGWNEeA,DJXUWLs6FI0,Undirected
oSS6kGWNEeA,8z_cg5CypRc,Undirected
oSS6kGWNEeA,0W86V2KcqiU,Undirected
oSS6kGWNEeA,JgByDCdtNE8,Undirected
oSS6kGWNEeA,8kFnLQySIzU,Undirected
oSS6kGWNEeA,aw-r_G7rfnU,Undirected
oSS6kGWNEeA,jLM2ibaRbrk,Undirected
oSS6kGWNEeA,Ps-nEyvsCKY,Undirected
oSS6kGWNEeA,k_aT3jAK_QU,Undirected
oSS6kGWNEeA,WsZXJKfJ52g,Undirected
oSS6kGWNEeA,KXRYlfjlFLk,Undirected
oSS6kGWNEeA,vW7H-DKivX8,Undirected
oSS6kGWNEeA,yqulWPljawo,Undirected
oSS6kGWNEeA,0DpCDxoj_Xg,Undirected
oSS6kGWNEeA,Pu0lwHPW3RM,Undirected
oSS6kGWNEeA,IQYLPEuAClo,Undirected
oSS6kGWNEeA,BLOIU9DpLq4,Undirected
oSS6kGWNEeA,PPCDMi5xmmk,Undirected
oSS6kGWNEeA,g2GbkH12xMg,Undirected
oSS6kGWNEeA,TZSVf-yD7N8,Undirected
oSS6kGWNEeA,INHVfx05Sy8,Undirected
oSS6kGWNEeA,JBw1nwYJESc,Undirected
oSS6kGWNEeA,bJ-wMCV05EI,Undirected
oSS6kGWNEeA,XJiCE88hOmM,Undirected
oSS6kGWNEeA,NJAtY43vsl8,Undirected
jp9hK-jY6yY,dIPu12KHIDo,Undirected
jp9hK-jY6yY,nlodY8nMw-A,Undirected
jp9hK-jY6yY,JAcKgCfTSq4,Undirected
jp9hK-jY6yY,DJXUWLs6FI0,Undirected
jp9hK-jY6yY,8z_cg5CypRc,Undirected
jp9hK-jY6yY,0W86V2KcqiU,Undirected
jp9hK-jY6yY,JgByDCdtNE8,Undirected
jp9hK-jY6yY,8kFnLQySIzU,Undirected
jp9hK-jY6yY,aw-r_G7rfnU,Undirected
jp9hK-jY6yY,jLM2ibaRbrk,Undirected
jp9hK-jY6yY,Ps-nEyvsCKY,Undirected
jp9hK-jY6yY,k_aT3jAK_QU,Undirected
jp9hK-jY6yY,WsZXJKfJ52g,Undirected
jp9hK-jY6yY,KXRYlfjlFLk,Undirected
jp9hK-jY6yY,vW7H-DKivX8,Undirected
jp9hK-jY6yY,yqulWPljawo,Undirected
jp9hK-jY6yY,0DpCDxoj_Xg,Undirected
jp9hK-jY6yY,Pu0lwHPW3RM,Undirected
jp9hK-jY6yY,IQYLPEuAClo,Undirected
jp9hK-jY6yY,BLOIU9DpLq4,Undirected
jp9hK-jY6yY,PPCDMi5xmmk,Undirected
jp9hK-jY6yY,g2GbkH12xMg,Undirected
jp9hK-jY6yY,TZSVf-yD7N8,Undirected
jp9hK-jY6yY,INHVfx05Sy8,Undirected
jp9hK-jY6yY,JBw1nwYJESc,Undirected
jp9hK-jY6yY,bJ-wMCV05EI,Undirected
jp9hK-jY6yY,XJiCE88hOmM,Undirected
jp9hK-jY6yY,NJAtY43vsl8,Undirected
dIPu12KHIDo,nlodY8nMw-A,Undirected
dIPu12KHIDo,JAcKgCfTSq4,Undirected
dIPu12KHIDo,DJXUWLs6FI0,Undirected
dIPu12KHIDo,8z_cg5CypRc,Undirected
dIPu12KHIDo,0W86V2KcqiU,Undirected
dIPu12KHIDo,JgByDCdtNE8,Undirected
dIPu12KHIDo,8kFnLQySIzU,Undirected
dIPu12KHIDo,aw-r_G7rfnU,Undirected
dIPu12KHIDo,jLM2ibaRbrk,Undirected
dIPu12KHIDo,Ps-nEyvsCKY,Undirected
dIPu12KHIDo,k_aT3jAK_QU,Undirected
dIPu12KHIDo,WsZXJKfJ52g,Undirected
dIPu12KHIDo,KXRYlfjlFLk,Undirected
dIPu12KHIDo,vW7H-DKivX8,Undirected
dIPu12KHIDo,yqulWPljawo,Undirected
dIPu12KHIDo,0DpCDxoj_Xg,Undirected
dIPu12KHIDo,Pu0lwHPW3RM,Undirected
dIPu12KHIDo,IQYLPEuAClo,Undirected
dIPu12KHIDo,BLOIU9DpLq4,Undirected
dIPu12KHIDo,PPCDMi5xmmk,Undirected
dIPu12KHIDo,g2GbkH12xMg,Undirected
dIPu12KHIDo,TZSVf-yD7N8,Undirected
dIPu12KHIDo,INHVfx05Sy8,Undirected
dIPu12KHIDo,JBw1nwYJESc,Undirected
dIPu12KHIDo,bJ-wMCV05EI,Undirected
dIPu12KHIDo,XJiCE88hOmM,Undirected
dIPu12KHIDo,NJAtY43vsl8,Undirected
nlodY8nMw-A,JAcKgCfTSq4,Undirected
nlodY8nMw-A,DJXUWLs6FI0,Undirected
nlodY8nMw-A,8z_cg5CypRc,Undirected
nlodY8nMw-A,0W86V2KcqiU,Undirected
nlodY8nMw-A,JgByDCdtNE8,Undirected
nlodY8nMw-A,8kFnLQySIzU,Undirected
nlodY8nMw-A,aw-r_G7rfnU,Undirected
nlodY8nMw-A,jLM2ibaRbrk,Undirected
nlodY8nMw-A,Ps-nEyvsCKY,Undirected
nlodY8nMw-A,k_aT3jAK_QU,Undirected
nlodY8nMw-A,WsZXJKfJ52g,Undirected
nlodY8nMw-A,KXRYlfjlFLk,Undirected
nlodY8nMw-A,vW7H-DKivX8,Undirected
nlodY8nMw-A,yqulWPljawo,Undirected
nlodY8nMw-A,0DpCDxoj_Xg,Undirected
nlodY8nMw-A,Pu0lwHPW3RM,Undirected
nlodY8nMw-A,IQYLPEuAClo,Undirected
nlodY8nMw-A,BLOIU9DpLq4,Undirected
nlodY8nMw-A,PPCDMi5xmmk,Undirected
nlodY8nMw-A,g2GbkH12xMg,Undirected
nlodY8nMw-A,TZSVf-yD7N8,Undirected
nlodY8nMw-A,INHVfx05Sy8,Undirected
nlodY8nMw-A,JBw1nwYJESc,Undirected
nlodY8nMw-A,bJ-wMCV05EI,Undirected
nlodY8nMw-A,XJiCE88hOmM,Undirected
nlodY8nMw-A,NJAtY43vsl8,Undirected
JAcKgCfTSq4,DJXUWLs6FI0,Undirected
JAcKgCfTSq4,8z_cg5CypRc,Undirected
JAcKgCfTSq4,0W86V2KcqiU,Undirected
JAcKgCfTSq4,JgByDCdtNE8,Undirected
JAcKgCfTSq4,8kFnLQySIzU,Undirected
JAcKgCfTSq4,aw-r_G7rfnU,Undirected
JAcKgCfTSq4,jLM2ibaRbrk,Undirected
JAcKgCfTSq4,Ps-nEyvsCKY,Undirected
JAcKgCfTSq4,k_aT3jAK_QU,Undirected
JAcKgCfTSq4,WsZXJKfJ52g,Undirected
JAcKgCfTSq4,KXRYlfjlFLk,Undirected
JAcKgCfTSq4,vW7H-DKivX8,Undirected
JAcKgCfTSq4,yqulWPljawo,Undirected
JAcKgCfTSq4,0DpCDxoj_Xg,Undirected
JAcKgCfTSq4,Pu0lwHPW3RM,Undirected
JAcKgCfTSq4,IQYLPEuAClo,Undirected
JAcKgCfTSq4,BLOIU9DpLq4,Undirected
JAcKgCfTSq4,PPCDMi5xmmk,Undirected
JAcKgCfTSq4,g2GbkH12xMg,Undirected
JAcKgCfTSq4,TZSVf-yD7N8,Undirected
JAcKgCfTSq4,INHVfx05Sy8,Undirected
JAcKgCfTSq4,JBw1nwYJESc,Undirected
JAcKgCfTSq4,bJ-wMCV05EI,Undirected
JAcKgCfTSq4,XJiCE88hOmM,Undirected
JAcKgCfTSq4,NJAtY43vsl8,Undirected
DJXUWLs6FI0,8z_cg5CypRc,Undirected
DJXUWLs6FI0,0W86V2KcqiU,Undirected
DJXUWLs6FI0,JgByDCdtNE8,Undirected
DJXUWLs6FI0,8kFnLQySIzU,Undirected
DJXUWLs6FI0,aw-r_G7rfnU,Undirected
DJXUWLs6FI0,jLM2ibaRbrk,Undirected
DJXUWLs6FI0,Ps-nEyvsCKY,Undirected
DJXUWLs6FI0,k_aT3jAK_QU,Undirected
DJXUWLs6FI0,WsZXJKfJ52g,Undirected
DJXUWLs6FI0,KXRYlfjlFLk,Undirected
DJXUWLs6FI0,vW7H-DKivX8,Undirected
DJXUWLs6FI0,yqulWPljawo,Undirected
DJXUWLs6FI0,0DpCDxoj_Xg,Undirected
DJXUWLs6FI0,Pu0lwHPW3RM,Undirected
DJXUWLs6FI0,IQYLPEuAClo,Undirected
DJXUWLs6FI0,BLOIU9DpLq4,Undirected
DJXUWLs6FI0,PPCDMi5xmmk,Undirected
DJXUWLs6FI0,g2GbkH12xMg,Undirected
DJXUWLs6FI0,TZSVf-yD7N8,Undirected
DJXUWLs6FI0,INHVfx05Sy8,Undirected
DJXUWLs6FI0,JBw1nwYJESc,Undirected
DJXUWLs6FI0,bJ-wMCV05EI,Undirected
DJXUWLs6FI0,XJiCE88hOmM,Undirected
DJXUWLs6FI0,NJAtY43vsl8,Undirected
8z_cg5CypRc,0W86V2KcqiU,Undirected
8z_cg5CypRc,JgByDCdtNE8,Undirected
8z_cg5CypRc,8kFnLQySIzU,Undirected
8z_cg5CypRc,aw-r_G7rfnU,Undirected
8z_cg5CypRc,jLM2ibaRbrk,Undirected
8z_cg5CypRc,Ps-nEyvsCKY,Undirected
8z_cg5CypRc,k_aT3jAK_QU,Undirected
8z_cg5CypRc,WsZXJKfJ52g,Undirected
8z_cg5CypRc,KXRYlfjlFLk,Undirected
8z_cg5CypRc,vW7H-DKivX8,Undirected
8z_cg5CypRc,yqulWPljawo,Undirected
8z_cg5CypRc,0DpCDxoj_Xg,Undirected
8z_cg5CypRc,Pu0lwHPW3RM,Undirected
8z_cg5CypRc,IQYLPEuAClo,Undirected
8z_cg5CypRc,BLOIU9DpLq4,Undirected
8z_cg5CypRc,PPCDMi5xmmk,Undirected
8z_cg5CypRc,g2GbkH12xMg,Undirected
8z_cg5CypRc,TZSVf-yD7N8,Undirected
8z_cg5CypRc,INHVfx05Sy8,Undirected
8z_cg5CypRc,JBw1nwYJESc,Undirected
8z_cg5CypRc,bJ-wMCV05EI,Undirected
8z_cg5CypRc,XJiCE88hOmM,Undirected
8z_cg5CypRc,NJAtY43vsl8,Undirected
0W86V2KcqiU,JgByDCdtNE8,Undirected
0W86V2KcqiU,8kFnLQySIzU,Undirected
0W86V2KcqiU,aw-r_G7rfnU,Undirected
0W86V2KcqiU,jLM2ibaRbrk,Undirected
0W86V2KcqiU,Ps-nEyvsCKY,Undirected
0W86V2KcqiU,k_aT3jAK_QU,Undirected
0W86V2KcqiU,WsZXJKfJ52g,Undirected
0W86V2KcqiU,KXRYlfjlFLk,Undirected
0W86V2KcqiU,vW7H-DKivX8,Undirected
0W86V2KcqiU,yqulWPljawo,Undirected
0W86V2KcqiU,0DpCDxoj_Xg,Undirected
0W86V2KcqiU,Pu0lwHPW3RM,Undirected
0W86V2KcqiU,IQYLPEuAClo,Undirected
0W86V2KcqiU,BLOIU9DpLq4,Undirected
0W86V2KcqiU,PPCDMi5xmmk,Undirected
0W86V2KcqiU,g2GbkH12xMg,Undirected
0W86V2KcqiU,TZSVf-yD7N8,Undirected
0W86V2KcqiU,INHVfx05Sy8,Undirected
0W86V2KcqiU,JBw1nwYJESc,Undirected
0W86V2KcqiU,bJ-wMCV05EI,Undirected
0W86V2KcqiU,XJiCE88hOmM,Undirected
0W86V2KcqiU,NJAtY43vsl8,Undirected
JgByDCdtNE8,8kFnLQySIzU,Undirected
JgByDCdtNE8,aw-r_G7rfnU,Undirected
JgByDCdtNE8,jLM2ibaRbrk,Undirected
JgByDCdtNE8,Ps-nEyvsCKY,Undirected
JgByDCdtNE8,k_aT3jAK_QU,Undirected
JgByDCdtNE8,WsZXJKfJ52g,Undirected
JgByDCdtNE8,KXRYlfjlFLk,Undirected
JgByDCdtNE8,vW7H-DKivX8,Undirected
JgByDCdtNE8,yqulWPljawo,Undirected
JgByDCdtNE8,0DpCDxoj_Xg,Undirected
JgByDCdtNE8,Pu0lwHPW3RM,Undirected
JgByDCdtNE8,IQYLPEuAClo,Undirected
JgByDCdtNE8,BLOIU9DpLq4,Undirected
JgByDCdtNE8,PPCDMi5xmmk,Undirected
JgByDCdtNE8,g2GbkH12xMg,Undirected
JgByDCdtNE8,TZSVf-yD7N8,Undirected
JgByDCdtNE8,INHVfx05Sy8,Undirected
JgByDCdtNE8,JBw1nwYJESc,Undirected
JgByDCdtNE8,bJ-wMCV05EI,Undirected
JgByDCdtNE8,XJiCE88hOmM,Undirected
JgByDCdtNE8,NJAtY43vsl8,Undirected
8kFnLQySIzU,aw-r_G7rfnU,Undirected
8kFnLQySIzU,jLM2ibaRbrk,Undirected
8kFnLQySIzU,Ps-nEyvsCKY,Undirected
8kFnLQySIzU,k_aT3jAK_QU,Undirected
8kFnLQySIzU,WsZXJKfJ52g,Undirected
8kFnLQySIzU,KXRYlfjlFLk,Undirected
8kFnLQySIzU,vW7H-DKivX8,Undirected
8kFnLQySIzU,yqulWPljawo,Undirected
8kFnLQySIzU,0DpCDxoj_Xg,Undirected
8kFnLQySIzU,Pu0lwHPW3RM,Undirected
8kFnLQySIzU,IQYLPEuAClo,Undirected
8kFnLQySIzU,BLOIU9DpLq4,Undirected
8kFnLQySIzU,PPCDMi5xmmk,Undirected
8kFnLQySIzU,g2GbkH12xMg,Undirected
8kFnLQySIzU,TZSVf-yD7N8,Undirected
8kFnLQySIzU,INHVfx05Sy8,Undirected
8kFnLQySIzU,JBw1nwYJESc,Undirected
8kFnLQySIzU,bJ-wMCV05EI,Undirected
8kFnLQySIzU,XJiCE88hOmM,Undirected
8kFnLQySIzU,NJAtY43vsl8,Undirected
aw-r_G7rfnU,jLM2ibaRbrk,Undirected
aw-r_G7rfnU,Ps-nEyvsCKY,Undirected
aw-r_G7rfnU,k_aT3jAK_QU,Undirected
aw-r_G7rfnU,WsZXJKfJ52g,Undirected
aw-r_G7rfnU,KXRYlfjlFLk,Undirected
aw-r_G7rfnU,vW7H-DKivX8,Undirected
aw-r_G7rfnU,yqulWPljawo,Undirected
aw-r_G7rfnU,0DpCDxoj_Xg,Undirected
aw-r_G7rfnU,Pu0lwHPW3RM,Undirected
aw-r_G7rfnU,IQYLPEuAClo,Undirected
aw-r_G7rfnU,BLOIU9DpLq4,Undirected
aw-r_G7rfnU,PPCDMi5xmmk,Undirected
aw-r_G7rfnU,g2GbkH12xMg,Undirected
aw-r_G7rfnU,TZSVf-yD7N8,Undirected
aw-r_G7rfnU,INHVfx05Sy8,Undirected
aw-r_G7rfnU,JBw1nwYJESc,Undirected
aw-r_G7rfnU,bJ-wMCV05EI,Undirected
aw-r_G7rfnU,XJiCE88hOmM,Undirected
aw-r_G7rfnU,NJAtY43vsl8,Undirected
jLM2ibaRbrk,Ps-nEyvsCKY,Undirected
jLM2ibaRbrk,k_aT3jAK_QU,Undirected
jLM2ibaRbrk,WsZXJKfJ52g,Undirected
jLM2ibaRbrk,KXRYlfjlFLk,Undirected
jLM2ibaRbrk,vW7H-DKivX8,Undirected
jLM2ibaRbrk,yqulWPljawo,Undirected
jLM2ibaRbrk,0DpCDxoj_Xg,Undirected
jLM2ibaRbrk,Pu0lwHPW3RM,Undirected
jLM2ibaRbrk,IQYLPEuAClo,Undirected
jLM2ibaRbrk,BLOIU9DpLq4,Undirected
jLM2ibaRbrk,PPCDMi5xmmk,Undirected
jLM2ibaRbrk,g2GbkH12xMg,Undirected
jLM2ibaRbrk,TZSVf-yD7N8,Undirected
jLM2ibaRbrk,INHVfx05Sy8,Undirected
jLM2ibaRbrk,JBw1nwYJESc,Undirected
jLM2ibaRbrk,bJ-wMCV05EI,Undirected
jLM2ibaRbrk,XJiCE88hOmM,Undirected
jLM2ibaRbrk,NJAtY43vsl8,Undirected
Ps-nEyvsCKY,k_aT3jAK_QU,Undirected
Ps-nEyvsCKY,WsZXJKfJ52g,Undirected
Ps-nEyvsCKY,KXRYlfjlFLk,Undirected
Ps-nEyvsCKY,vW7H-DKivX8,Undirected
Ps-nEyvsCKY,yqulWPljawo,Undirected
Ps-nEyvsCKY,0DpCDxoj_Xg,Undirected
Ps-nEyvsCKY,Pu0lwHPW3RM,Undirected
Ps-nEyvsCKY,IQYLPEuAClo,Undirected
Ps-nEyvsCKY,BLOIU9DpLq4,Undirected
Ps-nEyvsCKY,PPCDMi5xmmk,Undirected
Ps-nEyvsCKY,g2GbkH12xMg,Undirected
Ps-nEyvsCKY,TZSVf-yD7N8,Undirected
Ps-nEyvsCKY,INHVfx05Sy8,Undirected
Ps-nEyvsCKY,JBw1nwYJESc,Undirected
Ps-nEyvsCKY,bJ-wMCV05EI,Undirected
Ps-nEyvsCKY,XJiCE88hOmM,Undirected
Ps-nEyvsCKY,NJAtY43vsl8,Undirected
k_aT3jAK_QU,WsZXJKfJ52g,Undirected
k_aT3jAK_QU,KXRYlfjlFLk,Undirected
k_aT3jAK_QU,vW7H-DKivX8,Undirected
k_aT3jAK_QU,yqulWPljawo,Undirected
k_aT3jAK_QU,0DpCDxoj_Xg,Undirected
k_aT3jAK_QU,Pu0lwHPW3RM,Undirected
k_aT3jAK_QU,IQYLPEuAClo,Undirected
k_aT3jAK_QU,BLOIU9DpLq4,Undirected
k_aT3jAK_QU,PPCDMi5xmmk,Undirected
k_aT3jAK_QU,g2GbkH12xMg,Undirected
k_aT3jAK_QU,TZSVf-yD7N8,Undirected
k_aT3jAK_QU,INHVfx05Sy8,Undirected
k_aT3jAK_QU,JBw1nwYJESc,Undirected
k_aT3jAK_QU,bJ-wMCV05EI,Undirected
k_aT3jAK_QU,XJiCE88hOmM,Undirected
k_aT3jAK_QU,NJAtY43vsl8,Undirected
WsZXJKfJ52g,KXRYlfjlFLk,Undirected
WsZXJKfJ52g,vW7H-DKivX8,Undirected
WsZXJKfJ52g,yqulWPljawo,Undirected
WsZXJKfJ52g,0DpCDxoj_Xg,Undirected
WsZXJKfJ52g,Pu0lwHPW3RM,Undirected
WsZXJKfJ52g,IQYLPEuAClo,Undirected
WsZXJKfJ52g,BLOIU9DpLq4,Undirected
WsZXJKfJ52g,PPCDMi5xmmk,Undirected
WsZXJKfJ52g,g2GbkH12xMg,Undirected
WsZXJKfJ52g,TZSVf-yD7N8,Undirected
WsZXJKfJ52g,INHVfx05Sy8,Undirected
WsZXJKfJ52g,JBw1nwYJESc,Undirected
WsZXJKfJ52g,bJ-wMCV05EI,Undirected
WsZXJKfJ52g,XJiCE88hOmM,Undirected
WsZXJKfJ52g,NJAtY43vsl8,Undirected
KXRYlfjlFLk,vW7H-DKivX8,Undirected
KXRYlfjlFLk,yqulWPljawo,Undirected
KXRYlfjlFLk,0DpCDxoj_Xg,Undirected
KXRYlfjlFLk,Pu0lwHPW3RM,Undirected
KXRYlfjlFLk,IQYLPEuAClo,Undirected
KXRYlfjlFLk,BLOIU9DpLq4,Undirected
KXRYlfjlFLk,PPCDMi5xmmk,Undirected
KXRYlfjlFLk,g2GbkH12xMg,Undirected
KXRYlfjlFLk,TZSVf-yD7N8,Undirected
KXRYlfjlFLk,INHVfx05Sy8,Undirected
KXRYlfjlFLk,JBw1nwYJESc,Undirected
KXRYlfjlFLk,bJ-wMCV05EI,Undirected
KXRYlfjlFLk,XJiCE88hOmM,Undirected
KXRYlfjlFLk,NJAtY43vsl8,Undirected
vW7H-DKivX8,yqulWPljawo,Undirected
vW7H-DKivX8,0DpCDxoj_Xg,Undirected
vW7H-DKivX8,Pu0lwHPW3RM,Undirected
vW7H-DKivX8,IQYLPEuAClo,Undirected
vW7H-DKivX8,BLOIU9DpLq4,Undirected
vW7H-DKivX8,PPCDMi5xmmk,Undirected
vW7H-DKivX8,g2GbkH12xMg,Undirected
vW7H-DKivX8,TZSVf-yD7N8,Undirected
vW7H-DKivX8,INHVfx05Sy8,Undirected
vW7H-DKivX8,JBw1nwYJESc,Undirected
vW7H-DKivX8,bJ-wMCV05EI,Undirected
vW7H-DKivX8,XJiCE88hOmM,Undirected
vW7H-DKivX8,NJAtY43vsl8,Undirected
yqulWPljawo,0DpCDxoj_Xg,Undirected
yqulWPljawo,Pu0lwHPW3RM,Undirected
yqulWPljawo,IQYLPEuAClo,Undirected
yqulWPljawo,BLOIU9DpLq4,Undirected
yqulWPljawo,PPCDMi5xmmk,Undirected
yqulWPljawo,g2GbkH12xMg,Undirected
yqulWPljawo,TZSVf-yD7N8,Undirected
yqulWPljawo,INHVfx05Sy8,Undirected
yqulWPljawo,JBw1nwYJESc,Undirected
yqulWPljawo,bJ-wMCV05EI,Undirected
yqulWPljawo,XJiCE88hOmM,Undirected
yqulWPljawo,NJAtY43vsl8,Undirected
0DpCDxoj_Xg,Pu0lwHPW3RM,Undirected
0DpCDxoj_Xg,IQYLPEuAClo,Undirected
0DpCDxoj_Xg,BLOIU9DpLq4,Undirected
0DpCDxoj_Xg,PPCDMi5xmmk,Undirected
0DpCDxoj_Xg,g2GbkH12xMg,Undirected
0DpCDxoj_Xg,TZSVf-yD7N8,Undirected
0DpCDxoj_Xg,INHVfx05Sy8,Undirected
0DpCDxoj_Xg,JBw1nwYJESc,Undirected
0DpCDxoj_Xg,bJ-wMCV05EI,Undirected
0DpCDxoj_Xg,XJiCE88hOmM,Undirected
0DpCDxoj_Xg,NJAtY43vsl8,Undirected
Pu0lwHPW3RM,IQYLPEuAClo,Undirected
Pu0lwHPW3RM,BLOIU9DpLq4,Undirected
Pu0lwHPW3RM,PPCDMi5xmmk,Undirected
Pu0lwHPW3RM,g2GbkH12xMg,Undirected
Pu0lwHPW3RM,TZSVf-yD7N8,Undirected
Pu0lwHPW3RM,INHVfx05Sy8,Undirected
Pu0lwHPW3RM,JBw1nwYJESc,Undirected
Pu0lwHPW3RM,bJ-wMCV05EI,Undirected
Pu0lwHPW3RM,XJiCE88hOmM,Undirected
Pu0lwHPW3RM,NJAtY43vsl8,Undirected
IQYLPEuAClo,BLOIU9DpLq4,Undirected
IQYLPEuAClo,PPCDMi5xmmk,Undirected
IQYLPEuAClo,g2GbkH12xMg,Undirected
IQYLPEuAClo,TZSVf-yD7N8,Undirected
IQYLPEuAClo,INHVfx05Sy8,Undirected
IQYLPEuAClo,JBw1nwYJESc,Undirected
IQYLPEuAClo,bJ-wMCV05EI,Undirected
IQYLPEuAClo,XJiCE88hOmM,Undirected
IQYLPEuAClo,NJAtY43vsl8,Undirected
BLOIU9DpLq4,PPCDMi5xmmk,Undirected
BLOIU9DpLq4,g2GbkH12xMg,Undirected
BLOIU9DpLq4,TZSVf-yD7N8,Undirected
BLOIU9DpLq4,INHVfx05Sy8,Undirected
BLOIU9DpLq4,JBw1nwYJESc,Undirected
BLOIU9DpLq4,bJ-wMCV05EI,Undirected
BLOIU9DpLq4,XJiCE88hOmM,Undirected
BLOIU9DpLq4,NJAtY43vsl8,Undirected
PPCDMi5xmmk,g2GbkH12xMg,Undirected
PPCDMi5xmmk,TZSVf-yD7N8,Undirected
PPCDMi5xmmk,INHVfx05Sy8,Undirected
PPCDMi5xmmk,JBw1nwYJESc,Undirected
PPCDMi5xmmk,bJ-wMCV05EI,Undirected
PPCDMi5xmmk,XJiCE88hOmM,Undirected
PPCDMi5xmmk,NJAtY43vsl8,Undirected
g2GbkH12xMg,TZSVf-yD7N8,Undirected
g2GbkH12xMg,INHVfx05Sy8,Undirected
g2GbkH12xMg,JBw1nwYJESc,Undirected
g2GbkH12xMg,bJ-wMCV05EI,Undirected
g2GbkH12xMg,XJiCE88hOmM,Undirected
g2GbkH12xMg,NJAtY43vsl8,Undirected
TZSVf-yD7N8,INHVfx05Sy8,Undirected
TZSVf-yD7N8,JBw1nwYJESc,Undirected
TZSVf-yD7N8,bJ-wMCV05EI,Undirected
TZSVf-yD7N8,XJiCE88hOmM,Undirected
TZSVf-yD7N8,NJAtY43vsl8,Undirected
INHVfx05Sy8,JBw1nwYJESc,Undirected
INHVfx05Sy8,bJ-wMCV05EI,Undirected
INHVfx05Sy8,XJiCE88hOmM,Undirected
INHVfx05Sy8,NJAtY43vsl8,Undirected
JBw1nwYJESc,bJ-wMCV05EI,Undirected
JBw1nwYJESc,XJiCE88hOmM,Undirected
JBw1nwYJESc,NJAtY43vsl8,Undirected
bJ-wMCV05EI,XJiCE88hOmM,Undirected
bJ-wMCV05EI,NJAtY43vsl8,Undirected
XJiCE88hOmM,NJAtY43vsl8,Undirected
